Workbook

Sheet 2023_Roma_illuminazione
A1: # Renewables.ninja Solar photovoltaic power (PV) (Point API) - 46.330 | B1: 9.421 - Version: 1.1 (using GSEE v0.3.1) - License: https://creativecommons.org/licenses/by-nc/4.0/ - Reference: https://doi.org/10.1016/j.energy.2016.08.060
A2: # Units: time in UTC | B2: local_time in Europe/Rome | C2: electricity in kW
A4: time | B4: local_time | C4: electricity | D4: Utilizzo luce
A5: 44927 | B5: 44927.042 | C5: =+'Profili FV'!B2 -> 0 | D5: =+IF(C5=0,1,0) -> 1
A6: 44927.042 | B6: 44927.083 | C6: =+'Profili FV'!B3 -> 0 | D6: =+IF(C6=0,1,0) -> 1
A7: 44927.083 | B7: 44927.125 | C7: =+'Profili FV'!B4 -> 0 | D7: =+IF(C7=0,1,0) -> 1
A8: 44927.125 | B8: 44927.167 | C8: =+'Profili FV'!B5 -> 0 | D8: =+IF(C8=0,1,0) -> 1
A9: 44927.167 | B9: 44927.208 | C9: =+'Profili FV'!B6 -> 0 | D9: =+IF(C9=0,1,0) -> 1
A10: 44927.208 | B10: 44927.25 | C10: =+'Profili FV'!B7 -> 0 | D10: =+IF(C10=0,1,0) -> 1
A11: 44927.25 | B11: 44927.292 | C11: =+'Profili FV'!B8 -> 0 | D11: =+IF(C11=0,1,0) -> 1
A12: 44927.292 | B12: 44927.333 | C12: =+'Profili FV'!B9 -> 0.06324 | D12: =+IF(C12=0,1,0) -> 0
A13: 44927.333 | B13: 44927.375 | C13: =+'Profili FV'!B10 -> 0.36835 | D13: =+IF(C13=0,1,0) -> 0
A14: 44927.375 | B14: 44927.417 | C14: =+'Profili FV'!B11 -> 0.54139 | D14: =+IF(C14=0,1,0) -> 0
A15: 44927.417 | B15: 44927.458 | C15: =+'Profili FV'!B12 -> 0.63904 | D15: =+IF(C15=0,1,0) -> 0
A16: 44927.458 | B16: 44927.5 | C16: =+'Profili FV'!B13 -> 0.65549 | D16: =+IF(C16=0,1,0) -> 0
... A8764: 45291.958 | B8764: 45292 | C8764: =+'Profili FV'!B8761 -> 0 | D8764: =+IF(C8764=0,1,0) -> 1

Sheet Profili FV
A1: Datetime | B1: Profilo Sud [kWh/h] | C1: Profilo Est [kWh/h] | D1: Profilo Ovest [kWh/h]
A2: 44927 | B2: 0 | C2: 0 | D2: 0
A3: 44927.042 | B3: 0 | C3: 0 | D3: 0
A4: 44927.083 | B4: 0 | C4: 0 | D4: 0
A5: 44927.125 | B5: 0 | C5: 0 | D5: 0
A6: 44927.167 | B6: 0 | C6: 0 | D6: 0
A7: 44927.208 | B7: 0 | C7: 0 | D7: 0
A8: 44927.25 | B8: 0 | C8: 0 | D8: 0
A9: 44927.292 | B9: 0.06324 | C9: 0.08424 | D9: 0.0098
A10: 44927.333 | B10: 0.36835 | C10: 0.34706 | D10: 0.03154
A11: 44927.375 | B11: 0.54139 | C11: 0.40243 | D11: 0.04024
A12: 44927.417 | B12: 0.63904 | C12: 0.37424 | D12: 0.12605
A13: 44927.458 | B13: 0.65549 | C13: 0.27672 | D13: 0.26482
... A8761: 45291.958 | B8761: 0 | C8761: 0 | D8761: 0
